id	name	age
1	Alice	25
2	Bob	30
3	Charlie	35
4	David	40
5	Emma	22
6	Frank	27
7	Grace	32
8	Hannah	38
9	Ian	45
10	Julia	20
11	Kevin	28
12	Laura	33
13	Mike	42
14	Nancy	24
15	Olivia	29
16	Paul	34
17	Quinn	39
18	Rachel	26
19	Steven	31
20	Tina	36
21	Ursula	41
22	Victor	23
23	Wendy	28
24	Xavier	33
25	Yvonne	38
26	Zach	45
27	Andrew	22
28	Bella	27
29	Chris	32
30	Diana	37
31	Ethan	44
32	Fiona	21
33	George	26
34	Holly	31
35	Isaac	36
36	Jennifer	41
37	Keith	24
38	Linda	29
39	Michael	34
40	Natalie	39
41	Oscar	23
42	Pamela	28
43	Quincy	33
44	Rebecca	38
45	Sam	45
46	Tiffany	22
47	Uriel	27
48	Violet	32
49	Walter	37
50	Xander	42